{
    "success": true,
    "task_type": "annotation_evaluation",
    "method_name": "MyRareMethod",
    "matching_summary": {
        "total_prediction_cells": 200,
        "matched_cells": 200,
        "match_rate": 1.0,
        "valid_cells_count": 200,
        "invalid_cells_count": 0
    },
    "overall_metrics": {
        "accuracy": 0.925,
        "balanced_accuracy": 0.9045,
        "macro_f1": 0.9207,
        "weighted_f1": 0.9253
    },
    "per_class_metrics": {
        "ASDC": {
            "precision": 1.0,
            "recall": 0.75,
            "f1": 0.8571428571428571,
            "support": 4
        },
        "B cell": {
            "precision": 0.961038961038961,
            "recall": 0.925,
            "f1": 0.9426751592356688,
            "support": 80
        },
        "Monocyte": {
            "precision": 0.8421052631578947,
            "recall": 0.9142857142857143,
            "f1": 0.8767123287671232,
            "support": 35
        },
        "T cell": {
            "precision": 0.9210526315789473,
            "recall": 0.9333333333333333,
            "f1": 0.9271523178807947,
            "support": 75
        },
        "pDC": {
            "precision": 1.0,
            "recall": 1.0,
            "f1": 1.0,
            "support": 6
        }
    },
    "confusion_matrix": {
        "classes": [
            "ASDC",
            "B cell",
            "Monocyte",
            "T cell",
            "pDC"
        ],
        "matrix": [
            [
                3,
                0,
                1,
                0,
                0
            ],
            [
                0,
                74,
                2,
                4,
                0
            ],
            [
                0,
                1,
                32,
                2,
                0
            ],
            [
                0,
                2,
                3,
                70,
                0
            ],
            [
                0,
                0,
                0,
                0,
                6
            ]
        ]
    },
    "confidence_calibration": {
        "mean_confidence": 0.8701107281840401,
        "mean_confidence_correct": 0.8950356147403015,
        "mean_confidence_incorrect": 0.5627037939901517
    },
    "timestamp": 1780405309.1357064
}